<?xml version="1.0" encoding="utf-8"?> 
<!-- 
  Synopsys, Inc.
  Version H-2013.03-SP1-1 
  Project file /mnt/sandbox/book_examples/chapter-05/synplify/syntmp/run_option.xml

--> 
<project_attribute_list name="Project Settings"> 
     <option name="project_name" display_name="Project Name">proj_1</option>
     <option name="impl_name" display_name="Implementation Name">synplify</option>
     <option name="top_module" display_name="Top Module"></option>
     <option name="resource_sharing" display_name="Resource Sharing">1</option>
     <option name="maxfan" display_name="Fanout Guide">16</option>
     <option name="disable_io_insertion" display_name="Disable I/O Insertion">0</option>
     <option name="symbolic_fsm_compiler" display_name="FSM Compiler">1</option>
</project_attribute_list>

